period,date,afs_spi,financial_insurance_spi,real_estate_spi,professional_scientific_technical_spi,administrative_support_spi,foreign_tourists_thousand,accommodation_occupancy_rate_total,average_room_rental_rate_total,share_foreign_tourists_total_guests_total,food_non_alcoholic_cpi_index,food_non_alcoholic_cpi_yoy,core_cpi_index,core_cpi_yoy,policy_intensity_m,delivery_intensity_m,active_events,equal_low_spi,synthetic_low_spi,log_afs_spi,log_equal_low_spi,log_synthetic_low_spi,log_afs_minus_equal_low,log_afs_minus_synthetic_low,estimand,restaurant_hotel_gap_design_dropped
2016-01,2016-01-01,95.18,83.22,80.29,82.45,95.93,2996.44,74.51,1432.8,39.02,86.39,86.39,93.74,93.74,0.0,0.0,,81.98666666666666,82.12627547890975,4.555769835692964,4.40655663241716,4.408258007629799,0.14921320327580467,0.14751182806316532,accommodation-and-food-service relative response,True
2016-02,2016-02-01,90.83,82.99,80.42,76.9,98.14,3080.54,73.12,1343.8,38.38,86.72,86.72,93.9,93.9,0.0,0.0,,80.10333333333334,80.67953661547693,4.508989627514122,4.383317467856805,4.390484969582618,0.12567215965731737,0.11850465793150455,accommodation-and-food-service relative response,True
2016-03,2016-03-01,97.2,87.85,80.57,87.45,113.06,2927.23,70.59,1311.0,39.13,86.45,86.45,93.91,93.91,0.0,0.0,,85.29,85.51007285826869,4.576770711466393,4.446057214331018,4.44863418021134,0.13071349713537472,0.12813653125505287,accommodation-and-food-service relative response,True
2016-04,2016-04-01,88.85,83.54,80.64,84.85,96.07,2627.81,71.43,1309.0,37.22,87.52,87.52,94.04,94.04,0.0,0.0,,83.01,82.97453464489467,4.486949554600661,4.418961082466944,4.418533749213025,0.06798847213371673,0.06841580538763559,accommodation-and-food-service relative response,True
2016-05,2016-05-01,84.25,88.73,80.27,81.68,101.58,2459.09,64.97,1468.5,35.76,88.86,88.86,94.09,94.09,0.0,0.0,,83.56,84.36758527504495,4.433788569232471,4.425564936688365,4.435183267109487,0.008223632544106074,-0.0013946978770160712,accommodation-and-food-service relative response,True
2016-06,2016-06-01,80.01,93.23,79.43,83.85,105.05,2423.0,62.63,1519.4,36.17,88.81,88.81,94.17,94.17,0.0,0.0,,85.50333333333333,86.64301358229459,4.382151626862033,4.448555361537542,4.461796384893629,-0.06640373467550909,-0.07964475803159576,accommodation-and-food-service relative response,True
2016-07,2016-07-01,84.93,91.83,78.13,82.32,99.08,2949.1,62.74,1509.0,38.73,88.33,88.33,94.22,94.22,0.0,0.0,,84.09333333333332,85.2413451346663,4.441827387791918,4.431927293127341,4.445486587662759,0.009900094664576642,-0.003659199870841512,accommodation-and-food-service relative response,True
2016-08,2016-08-01,86.56,96.17,78.83,79.95,105.69,2883.59,62.54,1453.7,38.2,88.45,88.45,94.28,94.28,0.0,0.0,,84.98333333333333,86.78692396645283,4.460837815098172,4.442455158833055,4.463455964770346,0.018382656265116815,-0.0026181496721742192,accommodation-and-food-service relative response,True
2016-09,2016-09-01,81.04,92.06,81.51,86.62,102.58,2416.82,60.43,1514.2,35.93,88.2,88.2,94.3,94.3,0.0,0.0,,86.73,87.45622317912942,4.394942859940428,4.462799844696365,4.4711383616442655,-0.06785698475593716,-0.07619550170383782,accommodation-and-food-service relative response,True
2016-10,2016-10-01,81.7,83.78,86.15,90.92,100.51,2252.78,60.89,1586.25,28.66,88.1,88.1,94.33,94.33,0.0,0.0,,86.95,86.29093107884333,4.403054001865957,4.465333240800292,4.457724506574917,-0.062279238934334735,-0.05467050470895973,accommodation-and-food-service relative response,True
2016-11,2016-11-01,85.1,88.54,88.35,90.76,98.56,2452.46,66.75,1578.74,28.13,88.05,88.05,94.36,94.36,0.0,0.0,,89.21666666666665,89.0354979828389,4.443827035579329,4.491067868171281,4.489035143950894,-0.04724083259195222,-0.045208108371565636,accommodation-and-food-service relative response,True
2016-12,2016-12-01,107.07,85.34,88.09,98.08,108.47,3060.74,73.28,1623.84,30.01,87.71,87.71,94.37,94.37,0.0,0.0,,90.50333333333333,89.36524298987399,4.673482826170178,4.505386682440107,4.492731825710698,0.16809614373007165,0.18075100045948034,accommodation-and-food-service relative response,True
2017-01,2017-01-01,104.66,86.56,85.31,87.44,100.13,3197.05,76.27,1567.04,38.76,87.72,87.72,94.44,94.44,0.0,0.0,,86.43666666666667,86.39495376585651,4.650717000944062,4.4594119685011835,4.458929268616571,0.19130503244287844,0.1917877323274908,accommodation-and-food-service relative response,True
2017-02,2017-02-01,96.65,85.18,83.94,84.72,99.49,2966.52,73.71,1480.55,37.74,87.59,87.59,94.46,94.46,0.0,0.0,,84.61333333333333,84.68365708519806,4.57109620565434,4.43809185860683,4.438922632452669,0.13300434704750952,0.1321735732016709,accommodation-and-food-service relative response,True
2017-03,2017-03-01,105.73,93.63,83.98,93.42,114.67,3018.41,71.45,1384.95,38.06,87.04,87.04,94.49,94.49,0.0,0.0,,90.34333333333335,90.60821615554818,4.660888674744435,4.503617227191687,4.506544894980781,0.15727144755274836,0.15434377976365443,accommodation-and-food-service relative response,True
2017-04,2017-04-01,94.5,84.95,85.37,90.13,96.14,2853.29,72.57,1491.99,35.94,87.29,87.29,94.51,94.51,0.0,0.0,,86.81666666666666,86.37181651418766,4.548599834499697,4.463798615523091,4.458661424843493,0.08480121897660631,0.08993840965620414,accommodation-and-food-service relative response,True
2017-05,2017-05-01,92.62,92.56,80.35,90.43,103.77,2600.62,66.05,1587.82,34.83,87.64,87.64,94.52,94.52,0.0,0.0,,87.78000000000002,88.27138103067179,4.528505101052606,4.474833684260088,4.480415944436791,0.0536714167925183,0.048089156615815476,accommodation-and-food-service relative response,True
2017-06,2017-06-01,92.95,93.97,85.27,91.1,105.27,2731.07,63.6,1612.72,35.8,88.19,88.19,94.59,94.59,0.0,0.0,,90.11333333333334,90.57678186679385,4.532061714167453,4.5010681373875725,4.506197909420025,0.03099357677988035,0.025863804747428,accommodation-and-food-service relative response,True
2017-07,2017-07-01,91.79,92.34,83.73,91.98,98.99,3099.41,64.15,1648.59,38.1,87.84,87.84,94.67,94.67,0.0,0.0,,89.35000000000001,89.60080255397952,4.519503359231,4.492561241605437,4.495364277016435,0.026942117625562645,0.024139082214564844,accommodation-and-food-service relative response,True
2017-08,2017-08-01,94.3,95.91,84.48,96.08,105.94,3188.15,65.15,1613.57,37.56,87.64,87.64,94.71,94.71,0.0,0.0,,92.15666666666665,92.43531836461075,4.546481189639412,4.523490027311986,4.526509138998302,0.022991162327425485,0.019972050641110073,accommodation-and-food-service relative response,True
2017-09,2017-09-01,89.38,94.06,87.51,91.27,103.21,2600.28,63.37,1617.21,35.25,88.25,88.25,94.8,94.8,0.0,0.0,,90.94666666666666,91.34831663178386,4.492896943505305,4.510273254118409,4.514679854978076,-0.01737631061310374,-0.021782911472771005,accommodation-and-food-service relative response,True
2017-10,2017-10-01,88.71,87.18,92.84,93.18,106.71,2725.94,63.61,1786.67,30.72,88.45,88.45,94.89,94.89,0.0,0.0,,91.06666666666668,90.4188230970163,4.485372622532496,4.511591839028525,4.504452465823072,-0.02621921649602932,-0.019079843290576548,accommodation-and-food-service relative response,True
2017-11,2017-11-01,98.98,86.82,95.29,97.14,110.05,3039.57,70.0,1827.54,30.11,88.08,88.08,94.93,94.93,0.0,0.0,,93.08333333333333,92.00146359326334,4.59491780952374,4.5334951492812,4.521804485544927,0.06142266024254006,0.07311332397881287,accommodation-and-food-service relative response,True
2017-12,2017-12-01,148.58,85.4,94.78,104.44,116.08,3571.66,76.49,1824.07,33.06,87.88,87.88,94.95,94.95,0.0,0.0,,94.87333333333333,93.03740262253976,5.001123533723661,4.552542668587404,4.533001591038052,0.4485808651362566,0.4681219426856087,accommodation-and-food-service relative response,True
2018-01,2018-01-01,134.85,93.21,91.35,86.19,110.95,3531.48,79.56,1747.1,31.92,87.8,87.8,94.98,94.98,0.0,0.0,,90.25,90.88594390871692,4.904163049585739,4.502583597212991,4.50960535675924,0.40157945237274806,0.3945576928264991,accommodation-and-food-service relative response,True
2018-02,2018-02-01,125.42,89.69,89.25,79.52,109.57,3552.12,77.95,1656.04,32.15,87.45,87.45,95.05,95.05,0.0,0.0,,86.15333333333332,87.01686136761194,4.831668105114875,4.456128654428936,4.466101908699206,0.3755394506859391,0.3655661964156689,accommodation-and-food-service relative response,True
2018-03,2018-03-01,133.71,94.22,88.49,87.32,119.23,3494.65,75.49,1639.8,32.69,87.21,87.21,95.09,95.09,0.0,0.0,,90.00999999999999,90.73505795319419,4.895673275626574,4.499920775268993,4.507943808935046,0.395752500357581,0.3877294666915283,accommodation-and-food-service relative response,True
2018-04,2018-04-01,128.0,90.5,89.03,81.96,107.44,3096.07,76.4,1670.9,32.86,87.89,87.89,95.12,95.12,0.0,0.0,,87.16333333333334,87.91666038138248,4.852030263919617,4.4677837531878835,4.47638932463078,0.38424651073173344,0.3756409392888367,accommodation-and-food-service relative response,True
2018-05,2018-05-01,112.17,96.74,82.31,85.1,111.05,2737.83,68.72,1657.74,33.2,88.28,88.28,95.27,95.27,0.0,0.0,,88.05,89.39521375131824,4.720015577657132,4.4779048349422155,4.4930671432889975,0.2421107427149165,0.2269484343681345,accommodation-and-food-service relative response,True
2018-06,2018-06-01,108.12,100.98,89.14,85.79,112.09,3013.3,65.99,1624.97,32.66,88.16,88.16,95.38,95.38,0.0,0.0,,91.97000000000001,93.54633648150738,4.683241721408247,4.521462436914606,4.538456890879071,0.16177928449364032,0.14478483052917568,accommodation-and-food-service relative response,True
2018-07,2018-07-01,115.7,96.59,88.66,87.32,107.18,3177.09,65.17,1731.23,31.72,87.86,87.86,95.41,95.41,0.0,0.0,,90.85666666666667,91.8367080046828,4.751000634199631,4.509283173180927,4.520012087032066,0.24171746101870362,0.23098854716756456,accommodation-and-food-service relative response,True
2018-08,2018-08-01,119.68,102.04,89.94,86.28,110.07,3229.03,66.01,1628.93,31.24,88.31,88.31,95.42,95.42,0.0,0.0,,92.75333333333333,94.38409879274612,4.784821514226167,4.529943639745621,4.547372613970908,0.2548778744805462,0.23744890025525933,accommodation-and-food-service relative response,True
2018-09,2018-09-01,112.4,97.13,92.99,89.16,112.36,2636.12,63.69,1690.13,30.45,88.56,88.56,95.56,95.56,0.0,0.0,,93.09333333333332,93.86731369497633,4.722063937459591,4.533602574128671,4.541882228649297,0.18846136333092023,0.18018170881029416,accommodation-and-food-service relative response,True
2018-10,2018-10-01,112.38,91.52,97.79,90.9,111.6,2704.0,65.31,1813.47,30.7,88.68,88.68,95.6,95.6,0.0,0.0,,93.40333333333335,93.29461877389622,4.721885985684052,4.536927033391686,4.535762429597187,0.1849589522923658,0.18612355608686482,accommodation-and-food-service relative response,True
2018-11,2018-11-01,120.07,88.0,99.97,90.43,115.77,3171.0,71.72,1909.25,30.38,89.0,89.0,95.6,95.6,0.0,0.0,,92.8,92.28962885175154,4.788074906042627,4.530446639792155,4.524931771725911,0.25762826625047186,0.26314313431671543,accommodation-and-food-service relative response,True
2018-12,2018-12-01,141.11,91.26,99.49,103.55,124.54,3835.51,77.91,1933.58,30.44,88.67,88.67,95.61,95.61,0.0,0.0,,98.10000000000001,96.85919301294793,4.949539728069669,4.585987366571318,4.573258305461416,0.3635523614983516,0.3762814226082529,accommodation-and-food-service relative response,True
2019-01,2019-01-01,138.99,92.4,96.33,95.82,115.94,3713.17,80.94,1901.78,38.44,88.97,88.97,95.64,95.64,0.0,0.0,,94.85000000000001,94.4626940401262,4.934401988096667,4.552296696381023,4.548204984494536,0.3821052917156438,0.38619700360213116,accommodation-and-food-service relative response,True
2019-02,2019-02-01,128.53,90.92,94.15,88.42,109.62,3600.92,78.71,1838.26,38.14,89.1,89.1,95.62,95.62,0.0,0.0,,91.16333333333334,91.29006512592257,4.85616234012204,4.512652769454183,4.514041965972754,0.34350957066785703,0.3421203741492862,accommodation-and-food-service relative response,True
2019-03,2019-03-01,133.37,94.92,93.0,93.39,120.28,3478.69,74.27,1740.38,38.15,89.28,89.28,95.64,95.64,0.0,0.0,,93.77,93.94741571720887,4.8931272206343035,4.540844975431534,4.542735218479647,0.35228224520276985,0.35039200215465627,accommodation-and-food-service relative response,True
2019-04,2019-04-01,125.17,93.06,83.33,89.51,111.16,3216.93,73.86,1724.11,36.98,89.83,89.83,95.69,95.69,0.0,0.0,,88.63333333333333,89.18016044279582,4.829672813339932,4.484508009580864,4.490658598287148,0.3451648037590678,0.3390142150527842,accommodation-and-food-service relative response,True
2019-05,2019-05-01,115.5,97.22,92.49,87.09,107.52,2736.6,66.6,1720.94,35.27,90.78,90.78,95.79,95.79,0.0,0.0,,92.26666666666665,93.23677544881917,4.749270529961848,4.524682935075405,4.535142230223541,0.22458759488644287,0.21412829973830672,accommodation-and-food-service relative response,True
2019-06,2019-06-01,110.5,99.04,91.89,97.32,105.86,3056.7,63.72,1643.05,36.06,90.91,90.91,95.84,95.84,0.0,0.0,,96.08333333333333,96.41069178809582,4.705015520957808,4.565215870481059,4.568617106131261,0.13979965047674892,0.13639841482654713,accommodation-and-food-service relative response,True
2019-07,2019-07-01,117.8,100.49,91.06,88.52,110.4,3342.75,65.27,1728.28,37.66,90.92,90.92,95.81,95.81,0.0,0.0,,93.35666666666667,94.60140786385833,4.768988271217486,4.536427283256347,4.549672358228893,0.232560987961139,0.2193159129885931,accommodation-and-food-service relative response,True
2019-08,2019-08-01,122.33,103.04,92.33,88.31,113.31,3472.66,62.77,1613.6,38.81,90.64,90.64,95.89,95.89,0.0,0.0,,94.56,96.06883151874332,4.806722311058825,4.549234553657788,4.565064929536639,0.25748775740103635,0.2416573815221854,accommodation-and-food-service relative response,True
2019-09,2019-09-01,113.16,105.3,84.73,93.47,113.25,2890.04,62.65,1617.3,38.0,90.75,90.75,95.98,95.98,0.0,0.0,,94.5,96.01847556234092,4.728802746433367,4.548599834499697,4.5645406267253685,0.18020291193366944,0.1642621197079981,accommodation-and-food-service relative response,True
2019-10,2019-10-01,120.07,90.59,101.15,102.25,112.2,3074.1,65.96,1681.2,31.53,90.66,90.66,96.02,96.02,0.0,0.0,,97.99666666666667,96.74894702745475,4.788074906042627,4.584933464486654,4.572119448413506,0.2031414415559727,0.2159554576291205,accommodation-and-food-service relative response,True
2019-11,2019-11-01,126.06,87.05,103.48,98.55,111.89,3386.37,70.2,1776.07,31.44,90.33,90.33,96.04,96.04,0.0,0.0,,96.36,94.97526763244147,4.836757984084964,4.568091177746671,4.553616516994873,0.26866680633829354,0.2831414670900916,accommodation-and-food-service relative response,True
2019-12,2019-12-01,143.71,91.74,102.68,109.22,128.2,3947.34,75.97,1816.02,34.44,90.21,90.21,96.07,96.07,0.0,0.0,,101.21333333333332,99.4681561230348,4.9677973800861555,4.617230500480457,4.599837553976674,0.3505668796056982,0.3679598261094812,accommodation-and-food-service relative response,True
2020-01,2020-01-01,139.96,94.04,98.73,97.58,114.71,3810.16,76.51,1785.06,38.99,90.58,90.58,96.08,96.08,0.0,0.0,,96.78333333333335,96.36649602215468,4.9413566674994875,4.572474803149949,4.568158589569032,0.3688818643495386,0.37319807793045534,accommodation-and-food-service relative response,True
2020-02,2020-02-01,111.02,94.92,95.95,92.15,102.89,2061.99,57.06,1682.62,31.67,90.92,90.92,96.17,96.17,0.0,0.0,,94.33999999999999,94.54573375720081,4.709710365262016,4.546905277856116,4.5490836725338495,0.16280508740589994,0.1606266927281661,accommodation-and-food-service relative response,True
2020-03,2020-03-01,74.54,102.89,94.36,93.62,100.92,819.43,23.34,1480.22,20.91,90.69,90.69,96.15,96.15,0.0,0.0,,96.95666666666666,97.95208321795911,4.311335894051113,4.574264143292209,4.58447841234161,-0.2629282492410958,-0.27314251829049674,accommodation-and-food-service relative response,True
2020-04,2020-04-01,34.04,98.62,93.91,80.79,90.34,0.0,2.53,820.3,56.22,90.76,90.76,96.08,96.08,0.0,0.0,,91.10666666666667,92.72152814914804,3.5275363037051735,4.512030981244468,4.529600680228166,-0.9844946775392946,-1.0020643765229922,accommodation-and-food-service relative response,True
2020-05,2020-05-01,38.86,97.6,82.61,79.9,83.25,0.0,3.9,735.51,23.82,90.77,90.77,95.8,95.8,0.0,0.0,,86.70333333333333,88.57072938203083,3.659965443949294,4.462492329798688,4.48380143487882,-0.8025268858493941,-0.8238359909295259,accommodation-and-food-service relative response,True
2020-06,2020-06-01,54.27,104.74,93.08,81.54,89.32,0.0,12.93,753.72,4.72,90.95,90.95,95.79,95.79,0.0,0.0,,93.12,95.36296733461265,3.9939715880753135,4.533888983983128,4.5576903200163486,-0.5399173959078145,-0.5637187319410351,accommodation-and-food-service relative response,True
2020-07,2020-07-01,65.98,103.18,92.59,91.01,84.22,0.0,26.43,971.68,1.22,91.41,91.41,96.18,96.18,0.0,0.0,,95.59333333333335,96.88456007811732,4.1893516658004355,4.560103082618784,4.573520167481838,-0.3707514168183481,-0.38416850168140293,accommodation-and-food-service relative response,True
2020-08,2020-08-01,69.42,104.77,93.99,79.56,87.66,0.0,27.73,996.48,1.09,92.11,92.11,96.18,96.18,0.0,0.0,,92.77333333333333,95.16218971448497,4.24017501043364,4.530159242175577,4.555582696041017,-0.2899842317419363,-0.31540768560737664,accommodation-and-food-service relative response,True
2020-09,2020-09-01,71.06,101.72,97.3,87.14,93.24,0.0,28.02,957.69,0.95,92.04,92.04,96.22,96.22,0.0,0.0,,95.38666666666666,96.72174459811986,4.263524590592881,4.557938806282652,4.5718382437588305,-0.29441421568977155,-0.30831365316594983,accommodation-and-food-service relative response,True
2020-10,2020-10-01,70.21,93.66,102.54,87.19,90.6,1.2,29.86,989.03,1.19,92.08,92.08,96.2,96.2,1.0,0.0,Khon La Khrueng Phase 1,94.46333333333332,94.77797055244466,4.2514907510291575,4.5482117521508085,4.551537004118224,-0.296721001121651,-0.3000462530890662,accommodation-and-food-service relative response,True
2020-11,2020-11-01,74.02,98.14,104.79,83.57,91.34,3.07,33.57,1005.17,1.36,91.87,91.87,96.21,96.21,1.0,0.0,Khon La Khrueng Phase 1,95.5,96.55056723974256,4.30433532695801,4.5591262474866845,4.570066883945225,-0.25479092052867447,-0.2657315569872152,accommodation-and-food-service relative response,True
2020-12,2020-12-01,80.88,98.36,104.07,102.45,101.56,6.56,30.25,978.27,1.13,91.46,91.46,96.26,96.26,1.0,0.0,Khon La Khrueng Phase 1,101.62666666666667,101.13760112095844,4.392966574712216,4.621305967897495,4.616481976969903,-0.22833939318527907,-0.22351540225768662,accommodation-and-food-service relative response,True
2021-01,2021-01-01,56.01,101.0,100.33,93.4,87.71,7.69,13.16,1152.18,1.54,91.11,91.11,96.29,96.29,1.0,0.0,Khon La Khrueng Phase 2,98.24333333333334,98.89738746130085,4.025530246221741,4.587447394333521,4.594082822317179,-0.56191714811178,-0.5685525760954384,accommodation-and-food-service relative response,True
2021-02,2021-02-01,62.36,96.75,97.8,93.13,87.72,5.74,18.17,1136.48,1.01,90.53,90.53,96.2,96.2,1.0,0.0,Khon La Khrueng Phase 2,95.89333333333333,96.16978515827199,4.132924044189576,4.563236462615146,4.566115224743232,-0.43031241842557044,-0.43319118055365635,accommodation-and-food-service relative response,True
2021-03,2021-03-01,72.57,106.46,96.53,103.62,99.86,6.74,22.38,1159.26,0.98,90.46,90.46,96.24,96.24,1.0,0.0,Khon La Khrueng Phase 2,102.20333333333333,102.69578703372156,4.284551613290046,4.626964293023761,4.631771094026108,-0.34241267973371503,-0.34721948073606246,accommodation-and-food-service relative response,True
2021-04,2021-04-01,60.21,99.53,96.45,85.84,94.22,8.53,14.06,1110.59,2.14,91.12,91.12,96.37,96.37,0.0,0.0,,93.94000000000001,95.16615735323742,4.097838451476356,4.542656280598849,4.5556243886087735,-0.4448178291224929,-0.45778593713241733,accommodation-and-food-service relative response,True
2021-05,2021-05-01,43.98,102.53,85.59,85.35,88.47,6.05,4.7,860.52,3.78,90.89,90.89,96.27,96.27,0.0,0.0,,91.15666666666668,93.03045580684099,3.783734985126615,4.51257963796373,4.532926921336786,-0.7288446528371155,-0.7491919362101713,accommodation-and-food-service relative response,True
2021-06,2021-06-01,51.42,107.82,94.91,87.93,93.53,5.69,5.25,872.5,3.49,91.21,91.21,96.29,96.29,0.0,0.0,,96.88666666666666,98.88428545708287,3.9400272018377436,4.573541910529914,4.59395033274882,-0.6335147086921706,-0.6539231309110765,accommodation-and-food-service relative response,True
2021-07,2021-07-01,42.32,105.05,93.41,90.4,88.47,18.06,6.77,874.99,8.07,90.99,90.99,96.32,96.32,1.0,0.0,Khon La Khrueng Phase 3,96.28666666666668,97.81262571188499,3.7452597875500437,4.567329853004911,4.583053665966975,-0.8220700654548674,-0.8377938784169316,accommodation-and-food-service relative response,True
2021-08,2021-08-01,42.04,104.37,94.4,84.83,88.76,15.11,6.6,870.16,7.73,90.74,90.74,96.25,96.25,1.0,0.0,Khon La Khrueng Phase 3,94.53333333333335,96.42628334199394,3.7386215460087504,4.548952505989863,4.568778813230447,-0.8103309599811128,-0.830157267221697,accommodation-and-food-service relative response,True
2021-09,2021-09-01,65.83,107.97,97.91,106.11,97.83,12.24,11.06,918.49,3.8,90.97,90.97,96.4,96.4,1.0,0.0,Khon La Khrueng Phase 3,103.99666666666667,104.41032700049989,4.187075661479786,4.644358847345668,4.648328588185821,-0.4572831858658821,-0.46125292670603546,accommodation-and-food-service relative response,True
2021-10,2021-10-01,73.15,94.92,103.91,92.75,90.75,20.27,17.03,936.96,2.1,91.84,91.84,96.4,96.4,1.0,0.0,Khon La Khrueng Phase 3,97.19333333333333,97.14480885529417,4.292512127466133,4.576702122008566,4.576202740070454,-0.2841899945424329,-0.28369061260432105,accommodation-and-food-service relative response,True
2021-11,2021-11-01,77.41,99.45,106.55,96.84,94.73,91.26,24.19,880.94,3.1,92.27,92.27,96.48,96.48,1.0,0.0,Khon La Khrueng Phase 3,100.94666666666667,100.98344640801577,4.349115971216622,4.614592324566996,4.614956606458348,-0.26547635335037434,-0.26584063524172574,accommodation-and-food-service relative response,True
2021-12,2021-12-01,98.43,98.02,105.83,113.07,105.16,230.5,36.27,893.35,4.85,92.17,92.17,96.53,96.53,1.0,0.0,Khon La Khrueng Phase 3,105.63999999999999,104.17866579567912,4.58934563564112,4.660037087428932,4.646107365512819,-0.07069145178781167,-0.05676172987169892,accommodation-and-food-service relative response,True
2022-01,2022-01-01,85.01,97.39,101.69,100.94,94.27,128.22,36.25,873.0,2.89,93.28,93.28,96.78,96.78,0.0,0.0,,100.00666666666666,99.5989852373547,4.442768896629268,4.605236850432634,4.601151976158678,-0.16246795380336643,-0.15838307952941033,accommodation-and-food-service relative response,True
2022-02,2022-02-01,75.38,95.77,99.09,89.96,90.66,151.79,36.29,882.65,2.9,94.62,94.62,97.94,97.94,1.0,0.0,Khon La Khrueng Phase 4,94.94,95.34180574911986,4.3225419878389895,4.553245113123172,4.55746838969717,-0.23070312528418224,-0.23492640185818026,accommodation-and-food-service relative response,True
2022-03,2022-03-01,85.97,101.97,98.06,105.9,98.35,208.1,36.91,916.3,3.48,94.58,94.58,98.16,98.16,1.0,0.0,Khon La Khrueng Phase 4,101.97666666666667,101.74752514869493,4.453998398186353,4.624744028945195,4.62249450116395,-0.17074563075884264,-0.16849610297759732,accommodation-and-food-service relative response,True
2022-04,2022-04-01,91.36,96.58,87.43,96.1,91.62,287.51,40.18,923.72,3.69,95.52,95.52,98.3,98.3,1.0,0.0,Khon La Khrueng Phase 4,93.37,93.64469632708308,4.5148077459077,4.5365700944958345,4.539507794366832,-0.021762348588134195,-0.024700048459131985,accommodation-and-food-service relative response,True
2022-05,2022-05-01,90.72,103.99,98.44,94.61,96.91,508.18,40.05,949.16,5.7,96.51,96.51,98.46,98.46,0.0,0.0,,99.01333333333334,99.94160439974547,4.507777839979442,4.595254521200715,4.6045860594168335,-0.08747668122127283,-0.09680821943739115,accommodation-and-food-service relative response,True
2022-06,2022-06-01,89.72,106.5,97.78,103.11,98.69,768.97,41.94,1013.17,6.17,97.07,97.07,98.7,98.7,0.0,0.0,,102.46333333333332,102.97087072557422,4.496693709652008,4.629505011002885,4.634446139742203,-0.13281130135087693,-0.13775243009019533,accommodation-and-food-service relative response,True
2022-07,2022-07-01,99.8,102.24,96.5,91.83,90.67,1134.93,47.56,1086.99,10.82,98.28,98.28,99.19,99.19,0.0,0.0,,96.85666666666667,97.87612124719567,4.603168183317418,4.573232222452151,4.5837026101553935,0.029935960865267397,0.019465573162024796,accommodation-and-food-service relative response,True
2022-08,2022-08-01,101.25,108.78,97.51,102.46,103.67,1188.22,47.83,1118.24,11.84,99.23,99.23,99.28,99.28,0.0,0.0,,102.91666666666667,103.73508469686344,4.617592705986649,4.633919599274077,4.641840386818124,-0.016326893287428312,-0.02424768083147555,accommodation-and-food-service relative response,True
2022-09,2022-09-01,95.87,105.14,100.79,100.42,104.22,1259.27,49.66,1166.89,11.93,99.9,99.9,99.41,99.41,1.0,0.0,Khon La Khrueng Phase 5,102.11666666666667,102.62367615501174,4.562993107088905,4.626115950503554,4.631068667860027,-0.06312284341464824,-0.06807556077112142,accommodation-and-food-service relative response,True
2022-10,2022-10-01,106.0,92.56,106.34,99.23,106.42,1467.37,52.62,1239.19,13.34,100.64,100.64,99.46,99.46,1.0,0.0,Khon La Khrueng Phase 5,99.37666666666667,98.46459875756234,4.663439094112067,4.5989173443223255,4.589697080100611,0.06452174978974146,0.07374201401145619,accommodation-and-food-service relative response,True
2022-11,2022-11-01,111.5,94.98,108.66,97.81,104.31,1721.49,60.76,1266.72,16.17,100.02,100.02,99.59,99.59,0.0,0.0,,100.48333333333333,99.89562255673115,4.7140245909001735,4.609991876267305,4.604125866443521,0.10403271463286856,0.10989872445665227,accommodation-and-food-service relative response,True
2022-12,2022-12-01,167.42,94.09,107.72,117.63,120.2,2241.18,67.34,1346.93,12.14,100.33,100.33,99.65,99.65,0.0,0.0,,106.48,104.15805848519135,5.12050562523191,4.667957174086856,4.645909538551431,0.45254845114505393,0.4745960866804797,accommodation-and-food-service relative response,True
2023-01,2023-01-01,131.65,97.65,90.82,103.27,106.62,2144.95,68.0,1404.88,18.35,100.47,100.47,99.72,99.72,0.0,0.0,,97.24666666666667,96.95072804370837,4.8801468859423185,4.577250705989957,4.5742028911365695,0.30289617995236107,0.30594399480574896,accommodation-and-food-service relative response,True
2023-02,2023-02-01,117.5,96.85,100.92,100.56,105.83,2113.55,66.84,1416.28,20.99,100.05,100.05,99.83,99.83,0.0,0.0,,99.44333333333333,99.02813762757077,4.7664383335842135,4.599587967691858,4.595404028212486,0.1668503658923557,0.1710343053717276,accommodation-and-food-service relative response,True
2023-03,2023-03-01,130.73,101.61,100.1,113.66,117.42,2269.73,66.21,1433.98,21.74,99.51,99.51,99.88,99.88,0.0,0.0,,105.12333333333333,104.15222947077626,4.873134127573769,4.6551342640255395,4.645853573822336,0.2179998635482292,0.22728055375143263,accommodation-and-food-service relative response,True
2023-04,2023-04-01,123.8,96.94,100.94,98.8,106.12,2182.1,69.41,1385.26,21.16,99.85,99.85,99.93,99.93,0.0,0.0,,98.89333333333333,98.63496265359072,4.818667360250496,4.594041828200248,4.591425789563335,0.22462553205024793,0.2272415706871609,accommodation-and-food-service relative response,True
2023-05,2023-05-01,116.21,106.1,101.02,106.63,112.38,2013.85,64.43,1358.93,21.67,100.36,100.36,99.99,99.99,0.0,0.0,,104.58333333333333,104.66909578063861,4.755398899234782,4.649984201777884,4.650803905066113,0.10541469745689813,0.1045949941686688,accommodation-and-food-service relative response,True
2023-06,2023-06-01,113.4,107.18,100.31,113.7,111.27,2241.2,64.51,1387.96,21.95,100.34,100.34,100.0,100.0,0.0,0.0,,107.06333333333333,106.69299911593188,4.730921391293652,4.673420559669536,4.669955543370952,0.057500831624116344,0.060965847922700434,accommodation-and-food-service relative response,True
2023-07,2023-07-01,124.31,105.54,98.72,101.89,110.24,2490.64,65.92,1447.19,21.63,99.74,99.74,100.04,100.04,0.0,0.0,,102.05,102.5306373927015,4.822778445803624,4.625462889255854,4.630161655308551,0.19731555654777022,0.19261679049507308,accommodation-and-food-service relative response,True
2023-08,2023-08-01,127.19,108.58,99.42,103.32,114.5,2468.04,66.7,1509.68,22.24,99.97,99.97,100.06,100.06,0.0,0.0,,103.77333333333333,104.44885314664035,4.845682031463393,4.642209033423078,4.648697508015443,0.20347299804031493,0.19698452344794948,accommodation-and-food-service relative response,True
2023-09,2023-09-01,117.47,105.04,92.36,107.77,113.17,2130.6,64.51,1554.81,21.25,99.8,99.8,100.04,100.04,0.0,0.0,,101.72333333333334,101.81948699429896,4.766182981835795,4.622256709711591,4.623201510102619,0.1439262721242036,0.14298147173317588,accommodation-and-food-service relative response,True
2023-10,2023-10-01,126.44,94.51,107.63,109.12,121.41,2197.02,65.99,1643.77,20.2,99.99,99.99,100.11,100.11,0.0,0.0,,103.75333333333333,102.19280078908511,4.839767887347417,4.6420162871087545,4.6268612329115655,0.19775160023866256,0.21290665443585155,accommodation-and-food-service relative response,True
2023-11,2023-11-01,133.74,99.51,109.8,107.45,120.21,2637.08,70.44,1691.6,21.91,100.22,100.22,100.17,100.17,0.0,0.0,,105.58666666666666,104.65760438923033,4.895897616625833,4.659532100674102,4.650694111223182,0.2363655159517304,0.24520350540265046,accommodation-and-food-service relative response,True
2023-12,2023-12-01,165.29,97.22,108.85,120.87,128.46,3261.26,75.0,1743.19,21.8,99.71,99.71,100.22,100.22,0.0,0.0,,108.98,106.70009112172036,5.107701506929262,4.691164379154952,4.670022012306597,0.4165371277743093,0.43767949462266476,accommodation-and-food-service relative response,True
2024-01,2024-01-01,161.81,101.5,104.78,111.84,122.27,3035.3,74.64,1815.72,23.04,99.39,99.39,100.25,100.25,0.0,0.0,,106.04,105.08944984124417,5.086422807411717,4.663816381420824,4.654811890743849,0.4226064259908924,0.4316109166678679,accommodation-and-food-service relative response,True
2024-02,2024-02-01,156.07,100.07,102.1,112.3,115.65,3352.3,74.13,1866.9,25.38,99.07,99.07,100.26,100.26,0.0,0.0,,104.82333333333332,103.74643159071378,5.050304624554462,4.652276393415363,4.641949764212937,0.398028231139099,0.40835486034152524,accommodation-and-food-service relative response,True
2024-03,2024-03-01,155.07,102.6,100.84,114.64,126.36,2982.72,71.37,1923.72,23.23,98.94,98.94,100.26,100.26,0.0,0.0,,106.02666666666666,105.06280714973764,5.043876627876058,4.6636906348000995,4.654558334659981,0.38018599307595835,0.3893182932160766,accommodation-and-food-service relative response,True
2024-04,2024-04-01,149.55,101.03,101.96,116.29,119.21,2757.13,74.16,1985.51,20.99,100.13,100.13,100.3,100.3,0.0,0.0,,106.42666666666668,105.12403676589298,5.007630785075957,4.667456172072369,4.6551409555010075,0.34017461300358764,0.35248982957494945,accommodation-and-food-service relative response,True
2024-05,2024-05-01,136.74,106.91,102.12,112.59,122.43,2633.46,69.44,2007.94,21.25,101.5,101.5,100.38,100.38,0.0,0.0,,107.20666666666666,106.85342427799152,4.918081312485648,4.674758435757769,4.671458028776134,0.24332287672787878,0.24662328370951414,accommodation-and-food-service relative response,True
2024-06,2024-06-01,133.82,107.97,100.85,115.84,117.29,2740.37,68.0,1921.15,22.02,100.82,100.82,100.37,100.37,0.0,0.0,,108.21999999999998,107.74294120847128,4.896495613354671,4.684166192214589,4.679748216011677,0.21232942114008146,0.21674739734299386,accommodation-and-food-service relative response,True
2024-07,2024-07-01,146.72,108.4,99.76,114.99,119.67,3103.42,69.75,1895.63,23.08,101.01,101.01,100.56,100.56,0.0,0.0,,107.71666666666668,107.38582328108996,4.988526008508154,4.679504323040795,4.676428174117125,0.30902168546735975,0.31209783439102967,accommodation-and-food-service relative response,True
2024-08,2024-08-01,147.21,109.16,100.51,113.5,117.64,2963.15,69.06,1833.96,24.24,101.79,101.79,100.69,100.69,0.0,0.0,,107.72333333333334,107.5812977229652,4.991860138769922,4.679566211888444,4.678246819636862,0.3122939268814777,0.3136133191330597,accommodation-and-food-service relative response,True
2024-09,2024-09-01,130.79,107.52,103.42,120.77,121.44,2521.01,66.8,1779.96,24.13,102.05,102.05,100.8,100.8,0.0,0.0,,110.57,109.56470499653683,4.8735929835010605,4.70564880455431,4.696515287946474,0.16794417894675018,0.17707769555458608,accommodation-and-food-service relative response,True
2024-10,2024-10-01,143.39,99.24,108.56,114.85,121.05,2679.18,69.38,1831.6,23.63,101.93,101.93,100.88,100.88,0.0,0.0,,107.55,106.00304313021098,4.965568190726947,4.677955855713739,4.663467802475553,0.2876123350132085,0.30210038825139396,accommodation-and-food-service relative response,True
2024-11,2024-11-01,167.37,99.09,110.95,115.8,123.67,3150.24,72.73,1862.15,22.49,101.5,101.5,100.97,100.97,0.0,0.0,,108.61333333333334,106.90910731675494,5.120206930525547,4.687794174672048,4.671979009133238,0.43241275585349914,0.44822792139230927,accommodation-and-food-service relative response,True
2024-12,2024-12-01,188.2,97.42,110.47,131.05,136.83,3627.44,78.37,1889.06,23.3,100.98,100.98,101.02,101.02,0.0,0.0,,112.98,109.8273723675857,5.23750522715128,4.727210811897116,4.698909790972364,0.5102944152541635,0.538595436178916,accommodation-and-food-service relative response,True
2025-01,2025-01-01,188.65,98.74,103.0,124.02,128.19,3709.1,78.22,1918.51,24.65,101.16,101.16,101.08,101.08,0.0,0.0,,108.58666666666666,106.35902155577713,5.23989344641032,4.687548625253993,4.6668203669697474,0.5523448211563267,0.5730730794405723,accommodation-and-food-service relative response,True
2025-02,2025-02-01,163.22,96.3,103.03,111.88,119.83,3119.45,75.1,1861.97,23.71,101.08,101.08,101.25,101.25,0.0,0.0,,103.73666666666666,102.25859348780907,5.095098984041097,4.641855636795944,4.627504835281974,0.45324334724515314,0.4675941487591224,accommodation-and-food-service relative response,True
2025-03,2025-03-01,162.66,98.5,102.86,137.9,135.3,2720.46,71.46,1790.82,22.92,101.27,101.27,101.12,101.12,0.0,0.0,,113.08666666666666,109.67319347100701,5.091662132738629,4.728154486399467,4.6975049752595135,0.363507646339162,0.39415715747911584,accommodation-and-food-service relative response,True
2025-04,2025-04-01,156.02,97.56,102.23,119.77,132.14,2547.12,76.64,1834.57,20.29,101.76,101.76,101.28,101.28,0.0,0.0,,106.52,104.53911656958398,5.049984204160167,4.668332760945732,4.649561322604186,0.38165144321443556,0.40042288155598094,accommodation-and-food-service relative response,True
2025-05,2025-05-01,138.22,101.85,102.12,116.16,142.72,2266.57,69.89,1753.85,19.05,102.4,102.4,101.47,101.47,0.0,0.0,,106.71,105.50389347630636,4.928846618663249,4.6701148746284735,4.658747857223835,0.25873174403477517,0.2700987614394137,accommodation-and-food-service relative response,True
2025-06,2025-06-01,132.49,100.73,101.08,114.9,123.12,2322.77,66.66,1794.8,19.62,102.47,102.47,101.43,101.43,0.0,0.0,,105.57000000000001,104.37357554255021,4.886507170880032,4.659374240001603,4.647976535581367,0.22713293087842867,0.23853063529866514,accommodation-and-food-service relative response,True
2025-07,2025-07-01,147.83,101.51,99.73,119.67,124.19,2610.37,67.27,1802.36,20.58,101.86,101.86,101.4,101.4,0.0,0.0,,106.97000000000001,105.49379285128136,4.996062964912999,4.67254842131804,4.658652115652365,0.3235145435949587,0.3374108492606336,accommodation-and-food-service relative response,True
2025-08,2025-08-01,151.31,102.08,100.41,118.3,115.13,2583.64,68.72,1741.44,21.0,101.71,101.71,101.51,101.51,0.0,0.0,,106.93,105.61354737418456,5.019330712463479,4.672174414768565,4.659786652572026,0.3471562976949141,0.3595440598914532,accommodation-and-food-service relative response,True
2025-09,2025-09-01,137.4,100.66,103.41,130.88,125.08,2235.85,66.2,1758.34,20.88,101.81,101.81,101.46,101.46,0.0,0.0,,111.64999999999999,109.04707383497995,4.922896379788249,4.7153689782861665,4.691779659045804,0.20752740150208204,0.2311167207424445,accommodation-and-food-service relative response,True
2025-10,2025-10-01,154.52,92.48,108.5,128.53,124.38,2573.74,69.5,1878.8,21.43,101.76,101.76,101.5,101.5,0.0967741935483871,0.0,Half-Half Plus 2025,109.83666666666666,106.4051340919113,5.040323537798081,4.698994413827587,4.667253828486945,0.3413291239704934,0.37306970931113526,accommodation-and-food-service relative response,True
2025-11,2025-11-01,163.17,92.87,111.44,125.44,123.22,2914.81,71.71,1876.4,22.35,102.05,102.05,101.64,101.64,1.0,0.8,Half-Half Plus 2025,109.91666666666667,106.71141578897851,5.094792602102979,4.699722502929315,4.670128142172158,0.3950700991736644,0.42466445993082136,accommodation-and-food-service relative response,True
2025-12,2025-12-01,202.36,93.74,111.14,142.02,148.52,3370.44,78.05,1972.03,21.94,102.52,102.52,101.62,101.62,1.0,1.0,Half-Half Plus 2025,115.63333333333333,111.14155549700773,5.310048289423736,4.750424265307594,4.710804663587987,0.5596240241161414,0.599243625835749,accommodation-and-food-service relative response,True
2026-01,2026-01-01,197.11,95.13,103.32,132.1,132.8,3277.91,77.02,1990.18,23.3,102.09,102.09,101.69,101.69,0.0,0.0,,110.18333333333332,106.87535066964625,5.283761948538838,4.702145645111477,4.671663208371038,0.5816163034273609,0.6120987401677995,accommodation-and-food-service relative response,True
2026-02,2026-02-01,177.76,96.12,103.35,134.74,125.31,3263.8,76.8,1954.96,24.06,101.34,101.34,101.82,101.82,0.0,0.0,,111.40333333333335,107.98167989500874,5.18043432589132,4.713157249247797,4.681961582133551,0.4672770766435228,0.49847274375776873,accommodation-and-food-service relative response,True
2026-03,2026-03-01,175.97,99.67,103.59,135.02,137.01,2775.2,70.86,1919.53,22.81,101.61,101.61,101.7,101.7,0.0,0.0,,112.75999999999999,109.69719469972011,5.17031352596367,4.7252616662459115,4.697723794481278,0.4450518597177586,0.47258973148239214,accommodation-and-food-service relative response,True
